{
  "no_drift": {
    "regime_stats": {
      "0": {
        "mean": 0.02171089470020978,
        "std": 0.0793172401102721,
        "min": 4.654204488474534e-08,
        "max": 0.6336175203323364
      },
      "1": {
        "mean": 0.49573300952669985,
        "std": 0.08859593911021862,
        "min": 5.2954554121242836e-05,
        "max": 0.9999459981918335
      },
      "2": {
        "mean": 0.972319742323671,
        "std": 0.08770774472977041,
        "min": 0.2569599449634552,
        "max": 0.9999996423721313
      }
    },
    "adaptation_stats": {
      "total_adaptations": 385,
      "avg_per_sample": 3.85,
      "samples_with_adaptation": 100
    }
  },
  "noise_variance": {
    "regime_stats": {
      "0": {
        "mean": 0.06580868280009024,
        "std": 0.1797673839232448,
        "min": 1.2336147392488783e-07,
        "max": 0.993175208568573
      },
      "1": {
        "mean": 0.664941045505389,
        "std": 0.3609995096255941,
        "min": 1.3632819673148333e-06,
        "max": 0.9999998807907104
      },
      "2": {
        "mean": 0.9994815868254219,
        "std": 0.010011475428019,
        "min": 0.28331300616264343,
        "max": 0.9999998807907104
      }
    },
    "adaptation_stats": {
      "total_adaptations": 356,
      "avg_per_sample": 3.56,
      "samples_with_adaptation": 100
    }
  },
  "mean_shift": {
    "regime_stats": {
      "0": {
        "mean": 1.0026167081376277e-05,
        "std": 1.2133471088341104e-05,
        "min": 9.250941701566262e-08,
        "max": 7.869990804465488e-05
      },
      "1": {
        "mean": 2.9684818165534744e-05,
        "std": 1.8672302985882006e-05,
        "min": 1.8914747101916873e-07,
        "max": 8.813694876153022e-05
      },
      "2": {
        "mean": 0.3117083311267251,
        "std": 0.30338003143648595,
        "min": 6.436272315113456e-08,
        "max": 0.9999997019767761
      }
    },
    "adaptation_stats": {
      "total_adaptations": 593,
      "avg_per_sample": 5.93,
      "samples_with_adaptation": 100
    }
  },
  "scale": {
    "regime_stats": {
      "0": {
        "mean": 0.08971161884273536,
        "std": 0.17765695402125042,
        "min": 5.455116180996811e-08,
        "max": 0.8769460916519165
      },
      "1": {
        "mean": 0.7309021541967988,
        "std": 0.23498824225402856,
        "min": 0.20077084004878998,
        "max": 0.9999997615814209
      },
      "2": {
        "mean": 0.999991556424754,
        "std": 4.032935080811695e-06,
        "min": 0.9999708533287048,
        "max": 0.9999995231628418
      }
    },
    "adaptation_stats": {
      "total_adaptations": 357,
      "avg_per_sample": 3.57,
      "samples_with_adaptation": 100
    }
  }
}