{
  "data_summary": {
    "total_days": 365,
    "train_days": 240,
    "test_days": 125,
    "temp_min": 10.081828117370605,
    "temp_max": 37.67516326904297,
    "temp_mean": 25.252559661865234,
    "temp_std": 7.376064300537109
  },
  "model_performance": {
    "final_train_loss": 0.08094823360443115,
    "final_test_loss": 0.18941383063793182
  },
  "residual_statistics": {
    "train": {
      "mean": 0.2237517237663269,
      "std": 0.17024601995944977,
      "median": 0.19259288907051086
    },
    "test": {
      "mean": 0.36998307704925537,
      "std": 0.22918623685836792,
      "median": 0.37491172552108765
    }
  },
  "monthly_statistics": {
    "1": {
      "mean": 12.441329002380371,
      "std": 1.3576161861419678,
      "min": 10.081828117370605,
      "max": 15.393767356872559
    },
    "2": {
      "mean": 18.40496826171875,
      "std": 3.009260416030884,
      "min": 13.63870906829834,
      "max": 23.158124923706055
    },
    "3": {
      "mean": 21.65174674987793,
      "std": 3.9979066848754883,
      "min": 15.846339225769043,
      "max": 28.760040283203125
    },
    "4": {
      "mean": 28.31153106689453,
      "std": 3.341212034225464,
      "min": 22.359487533569336,
      "max": 33.17298889160156
    },
    "5": {
      "mean": 34.024688720703125,
      "std": 2.3271749019622803,
      "min": 29.606218338012695,
      "max": 37.67516326904297
    },
    "6": {
      "mean": 32.70426559448242,
      "std": 2.489408254623413,
      "min": 27.385778427124023,
      "max": 36.69870376586914
    },
    "7": {
      "mean": 30.113168716430664,
      "std": 2.1010515689849854,
      "min": 25.087936401367188,
      "max": 34.355838775634766
    },
    "8": {
      "mean": 30.353322982788086,
      "std": 1.2949857711791992,
      "min": 28.15264320373535,
      "max": 32.94786071777344
    },
    "9": {
      "mean": 30.802730560302734,
      "std": 1.6165497303009033,
      "min": 28.238500595092773,
      "max": 33.14942932128906
    },
    "10": {
      "mean": 27.755266189575195,
      "std": 2.9279119968414307,
      "min": 19.835205078125,
      "max": 30.88222312927246
    },
    "11": {
      "mean": 21.187782287597656,
      "std": 2.0362772941589355,
      "min": 17.95553970336914,
      "max": 24.649749755859375
    },
    "12": {
      "mean": 15.00422191619873,
      "std": 2.443376064300537,
      "min": 11.459391593933105,
      "max": 19.37587547302246
    }
  },
  "distribution_shift": {
    "residual_ratio": 1.6535428762435913,
    "shift_detected": true
  }
}