{
  "0": {
    "mean": 0.029528781749416096,
    "std": 0.09334410422629588,
    "min": 7.842208304964515e-08,
    "max": 0.6336175203323364
  },
  "1": {
    "mean": 0.4995534550899174,
    "std": 0.09139479800771347,
    "min": 0.010686355642974377,
    "max": 0.9991647005081177
  },
  "2": {
    "mean": 0.9694306170826866,
    "std": 0.09691680210373742,
    "min": 0.2588863968849182,
    "max": 0.9999995827674866
  }
}