{
  "noise_variance": {
    "0": {
      "mean": 0.06580868280009024,
      "std": 0.1797673839232448,
      "min": 1.2336147392488783e-07,
      "max": 0.993175208568573
    },
    "1": {
      "mean": 0.664941045505389,
      "std": 0.3609995096255941,
      "min": 1.3632819673148333e-06,
      "max": 0.9999998807907104
    },
    "2": {
      "mean": 0.9994815868254219,
      "std": 0.010011475428019,
      "min": 0.28331300616264343,
      "max": 0.9999998807907104
    }
  },
  "mean_shift": {
    "0": {
      "mean": 1.0026167081376277e-05,
      "std": 1.2133471088341104e-05,
      "min": 9.250941701566262e-08,
      "max": 7.869990804465488e-05
    },
    "1": {
      "mean": 2.9684818165534744e-05,
      "std": 1.8672302985882006e-05,
      "min": 1.8914747101916873e-07,
      "max": 8.813694876153022e-05
    },
    "2": {
      "mean": 0.3117083311267251,
      "std": 0.30338003143648595,
      "min": 6.436272315113456e-08,
      "max": 0.9999997019767761
    }
  },
  "scale": {
    "0": {
      "mean": 0.08971161884273536,
      "std": 0.17765695402125042,
      "min": 5.455116180996811e-08,
      "max": 0.8769460916519165
    },
    "1": {
      "mean": 0.7309021541967988,
      "std": 0.23498824225402856,
      "min": 0.20077084004878998,
      "max": 0.9999997615814209
    },
    "2": {
      "mean": 0.999991556424754,
      "std": 4.032935080811695e-06,
      "min": 0.9999708533287048,
      "max": 0.9999995231628418
    }
  }
}