{"loss": [0.2687121629714966, 0.2624795436859131, 0.26153305172920227, 0.2611427903175354, 0.26073455810546875, 0.2602713406085968, 0.2600919008255005, 0.2599703371524811, 0.2598288357257843, 0.2592070400714874, 0.25882887840270996, 0.2585853934288025, 0.2580142021179199, 0.25898057222366333, 0.2571983337402344, 0.25684377551078796, 0.25701001286506653, 0.25666505098342896, 0.25576114654541016, 0.2555219829082489, 0.255333811044693, 0.25547710061073303, 0.2540695071220398, 0.25390133261680603, 0.25497063994407654, 0.25385913252830505, 0.25670596957206726, 0.2568594813346863, 0.2549493908882141, 0.25420063734054565], "mae": [0.04083278402686119, 0.03453996405005455, 0.033228982239961624, 0.032916516065597534, 0.03240487352013588, 0.03192649781703949, 0.031783170998096466, 0.031674519181251526, 0.03164822235703468, 0.03126784414052963, 0.030621442943811417, 0.030588405206799507, 0.030187111347913742, 0.03097361885011196, 0.02947787009179592, 0.029133332893252373, 0.029163550585508347, 0.028895197436213493, 0.028041500598192215, 0.027956921607255936, 0.027520881965756416, 0.02793978527188301, 0.026795875281095505, 0.02675592340528965, 0.02744578942656517, 0.026679769158363342, 0.028930919244885445, 0.029280465096235275, 0.027200745418667793, 0.026570292189717293], "mse": [0.00985742174088955, 0.008249262347817421, 0.008004575036466122, 0.007964665070176125, 0.00785694271326065, 0.00775464903563261, 0.00773789593949914, 0.0076846107840538025, 0.007717500440776348, 0.007565670181065798, 0.007479378953576088, 0.00746456254273653, 0.007387908175587654, 0.0074875387363135815, 0.007188449613749981, 0.007124105468392372, 0.007140466012060642, 0.0070619406178593636, 0.006859609857201576, 0.006800632458180189, 0.006747893523424864, 0.00678987754508853, 0.00647900253534317, 0.006429633591324091, 0.006681384053081274, 0.00640231603756547, 0.007042308803647757, 0.007064916659146547, 0.00663144513964653, 0.006463935598731041], "val_loss": [0.26662030816078186, 0.27088358998298645, 0.2682749330997467, 0.27127087116241455, 0.26739946007728577, 0.2751067578792572, 0.2766560912132263, 0.2797608971595764, 0.27465805411338806, 0.2718122601509094, 0.27675360441207886, 0.2735895812511444, 0.27055031061172485, 0.27543455362319946, 0.27325764298439026, 0.27803874015808105, 0.2756617069244385, 0.2714538276195526, 0.27708467841148376, 0.2812526524066925, 0.2809012532234192, 0.27761220932006836, 0.2754444181919098, 0.2825191915035248, 0.2812402546405792, 0.2877379357814789, 0.27691948413848877, 0.2769179046154022, 0.2802722454071045, 0.28041696548461914], "val_mae": [0.038742464035749435, 0.037558410316705704, 0.04123688116669655, 0.03739126771688461, 0.0392843596637249, 0.03857649862766266, 0.03764576464891434, 0.03790563717484474, 0.03908069059252739, 0.0389891155064106, 0.03746505826711655, 0.03605176508426666, 0.03574645146727562, 0.03981924429535866, 0.035204365849494934, 0.03800735995173454, 0.035909075289964676, 0.036007110029459, 0.034790679812431335, 0.03713100031018257, 0.03597951680421829, 0.03574690595269203, 0.03709032014012337, 0.036460377275943756, 0.03758452460169792, 0.03805731236934662, 0.03675078973174095, 0.03559025749564171, 0.035155873745679855, 0.03590228781104088], "val_mse": [0.009190665557980537, 0.009707038290798664, 0.009829153306782246, 0.009832565672695637, 0.009457427076995373, 0.009881937876343727, 0.010248338803648949, 0.01021378394216299, 0.010085432790219784, 0.009911230765283108, 0.01022408064454794, 0.009695903398096561, 0.009655744768679142, 0.010049521923065186, 0.009666523896157742, 0.010492248460650444, 0.009965378791093826, 0.009560986422002316, 0.009948758408427238, 0.010270793922245502, 0.010201401077210903, 0.010107718408107758, 0.010112990625202656, 0.010341976769268513, 0.010359400883316994, 0.0110770957544446, 0.009926152415573597, 0.009786957874894142, 0.010279209353029728, 0.010564519092440605]}