{"mean": 0.601665505956494, "std": 0.2938457553683294}